Method,Fidelity,DCR,MI_AUC,MI_Valid,TSTR,Fairness
Ind Marginals,0.8651733061224489,0.31378632213205454,0.5403472380952381,False,0.5948764385909568,0.05892639189129456
CTGAN,0.9607933469387756,0.4288905528450676,0.5403472380952381,False,0.1375403146566174,0.031613283597347094
DP-BN,0.9662106530612244,0.6003838216819308,0.5403472380952381,False,0.8584833387103724,0.05767034187507747
Synthpop,0.6294283265306122,0.09169858891393701,0.5403472380952381,False,0.9777452336885232,0.010041415944182064
GReaT,0.7355215510204082,0.13286449472452466,0.5403472380952381,False,0.9605968648146935,0.05783518237134733
