method,generation_time_sec,fidelity_auc,fidelity_score,privacy_attack_success,privacy_score,privacy_attack_auc
Independent Marginals,0.0019121170043945312,0.9184183673469388,0.16316326530612235,1.0,0.0,0.5607523809523809
CTGAN,15.362766742706299,0.9709336734693876,0.058132653061224726,1.0,0.0,0.5607523809523809
